id,title,author,subreddit,score,upvote_ratio,num_comments,created_utc,created_date,url,permalink,selftext,link_flair_text,is_self,domain
1r0f8wd,Speed skating went massively viral at the 2026 Winter Olympics — all thanks to Dutch athlete Jutta Leerdam 🔥,OneOriginal8727,sportsgossips,5429,0.91,660,1770668272.0,2026-02-09 20:17:52,https://v.redd.it/5xkdefjoyiig1,https://www.reddit.com/r/sportsgossips/comments/1r0f8wd/speed_skating_went_massively_viral_at_the_2026/,,Opinion,False,v.redd.it
1qz957q,Winter Olympics really are something else,underrealizing,olympics,43530,0.98,821,1770557915.0,2026-02-08 13:38:35,https://i.redd.it/01nzzzopx9ig1.jpeg,https://www.reddit.com/r/olympics/comments/1qz957q/winter_olympics_really_are_something_else/,,❄ Milano-Cortina 2026 (General Discussion) ❄,False,i.redd.it
1qdgrm2,Friendly reminder that Winter Olympics will start soon.,Kurdt93,2westerneurope4u,2065,0.95,157,1768475406.0,2026-01-15 11:10:06,https://v.redd.it/2exo59tbxhdg1,https://www.reddit.com/r/2westerneurope4u/comments/1qdgrm2/friendly_reminder_that_winter_olympics_will_start/,"Gotcha, degenerates.",:European: META,False,v.redd.it
1qxvigy,US VP JD Vance getting booed during 2026 Winter Olympics opening ceremony,Yujin-Ha,sports,97188,0.91,793,1770415668.0,2026-02-06 22:07:48,https://v.redd.it/uu1pbq0q6yhg1,https://www.reddit.com/r/sports/comments/1qxvigy/us_vp_jd_vance_getting_booed_during_2026_winter/,,:olympics: Olympics,False,v.redd.it
1qxw9ko,You guys saw the winter Olympics opening ceremony?,findergrrr,conspiracy,1974,0.9,464,1770417453.0,2026-02-06 22:37:33,https://i.redd.it/uhrsmoq1cyhg1.jpeg,https://www.reddit.com/r/conspiracy/comments/1qxw9ko/you_guys_saw_the_winter_olympics_opening_ceremony/,,,False,i.redd.it
1q3quoq,"With the Winter Olympics coming soon within the next few weeks, it’s time to bring up this masterpiece",WarwickReider,popculturechat,3562,0.98,172,1767535810.0,2026-01-04 14:10:10,https://v.redd.it/jg9dhjm3bcbg1,https://www.reddit.com/r/popculturechat/comments/1q3quoq/with_the_winter_olympics_coming_soon_within_the/,Scott Moir and Tessa Virtue Ice Dance to Moulin Rouge ,Sports Section 🏈⚽️,False,v.redd.it
1qz4p2j,So Tragic Death at Winter Olympics 2010 💔,ShipComprehensive769,OlympicsV2,29,0.79,3,1770543205.0,2026-02-08 09:33:25,https://v.redd.it/ppkbkklyp8ig1,https://www.reddit.com/r/OlympicsV2/comments/1qz4p2j/so_tragic_death_at_winter_olympics_2010/,"On February 12, 2010, tragedy struck the Vancouver Winter Olympics when Nodar Kumaritashvili, a 21-year-old luger from Georgia, was killed during a training run at the Whistler Sliding Centre, just hours before the opening ceremony, after losing control of his sled on the final turn at speeds approaching 90 mph (144 km/

h) and being thrown from the track into an unpadded steel support beam, causing fatal injuries on impact; the horrifying accident shocked the world, exposed serious safety concerns about a track widely criticized as dangerously fast even for elite athletes, and prompted immediate action by organizers, who lowered the start position, modified the ice profile, and added protective barriers before competition resumed, marking the first athlete death at a Winter Olympics since 1992 and becoming a pivotal moment that permanently reshaped safety standards and track design in luge and other sliding sports.",,False,v.redd.it
1r0boi2,US-born Winter Olympics star Eileen Gu who turned her back on America to represent China misses out on gold,GetOutOfTheWhey,China,888,0.82,717,1770660659.0,2026-02-09 18:10:59,https://www.dailymail.co.uk/sport/winterolympics/article-15543103/eileen-gu-china-winter-olympics-silver.html,https://www.reddit.com/r/China/comments/1r0boi2/usborn_winter_olympics_star_eileen_gu_who_turned/,"Context:

* Eileen Gu fell on her final run, once more finished silver behind Switzerland’s Mathilde Gremaud, a result that deepens their friendly rivalry, common between athletes who continue to push the sporting world forward.
* Meanwhile triggered and grievance-driven, American fans seized on the moment to mock Gu’s fall, labeling her a traitor for representing China, and calling it “karma” for the crimes they believe she has committed.

American Comments identified by Daily Mail:

* ""Eileen Gu chose Communist China over the country she was born, raised, and trained. Why the hell is she being highlighted? She is a traitor""
* ""Hard to watch Eileen Gu compete for China after everything the U.S. did for her training. High treason""
* ""I've never seen NBC cover a Chinese athlete more. If she doesn't want to represent the Stars and Stripes than don't cover her. Period. We don't care if she's pretty and actually American. She's not on our team""
* ""karma for representing the wrong country of birth.""
* ""Lost to the Swiss Miss,"" another mocked referring to Gremaud
* 'No one cares. She's an American who is paid to snowboard for China,' one viewer bitterly declared.

Edit: OP's Warning

* Some comments below mirror the triggered comments the daily mail has identified. Please proceed with caution. None of them are overly abusive but some are really petty. Thou'st been warned.", 西方小报类媒体 | Tabloid Style Media ,False,dailymail.co.uk
1qcbh0m,"Why are the Winter Olympics much less popular than the Summer Olympics, even in countries where it snows?",No-StrategyX,answers,103,0.82,177,1768358420.0,2026-01-14 02:40:20,https://www.reddit.com/r/answers/comments/1qcbh0m/why_are_the_winter_olympics_much_less_popular/,https://www.reddit.com/r/answers/comments/1qcbh0m/why_are_the_winter_olympics_much_less_popular/,,,True,self.answers
1r88eog,Wolfdog invades Winter Olympics Women's cross country skiing race,Yujin-Ha,sports,80390,0.97,1665,1771433718.0,2026-02-18 16:55:18,https://v.redd.it/hra92s6x9akg1,https://www.reddit.com/r/sports/comments/1r88eog/wolfdog_invades_winter_olympics_womens_cross/,,:winter: Winter Sports,False,v.redd.it
1r10wte,Doggo just wanted a chance to compete in the Winter Olympics.,Objective_Pilot_5834,BeAmazed,71369,0.95,1593,1770730562.0,2026-02-10 13:36:02,https://v.redd.it/vac41rs27oig1,https://www.reddit.com/r/BeAmazed/comments/1r10wte/doggo_just_wanted_a_chance_to_compete_in_the/,,*The World Cup Super-G event in Bormio not Olympics,False,v.redd.it
1r5ol7a,Italy's Abandoned Winter Olympic Sites from 2006,BWT_Urbex,olympics,34214,0.98,1815,1771186101.0,2026-02-15 20:08:21,https://www.reddit.com/gallery/1r5ol7a,https://www.reddit.com/r/olympics/comments/1r5ol7a/italys_abandoned_winter_olympic_sites_from_2006/,"While everyone's watching the Milano Cortina 2026 Winter Games, we went to the part nobody broadcasts: the abandoned venues that were left behind. These photos are from two abandoned sites of Torino 2006: Cesana Pariol (ice track for bobsleigh, luge &amp; skeleton), and Pragelato (the ski jump stadium). What shocked us: parts of it are still in surprisingly good shape, even after nearly 20 years. And yet, they didn't reuse these sites. See more on YouTube: [https://youtu.be/jkMT1habyT8](https://youtu.be/jkMT1habyT8)",❄ Winter Olympics Throwback ❄,False,reddit.com
1r5rbag,Australia's first-ever Winter Olympic gold medal.,sco-go,SipsTea,44875,0.96,1446,1771192582.0,2026-02-15 21:56:22,https://v.redd.it/2wcodjfvcqjg1,https://www.reddit.com/r/SipsTea/comments/1r5rbag/australias_firstever_winter_olympic_gold_medal/,,Wait a damn minute!:Wayment:,False,v.redd.it
1r3nza0,Winter Olympics,Glad_Camel_6078,SipsTea,41357,0.96,1488,1770986015.0,2026-02-13 12:33:35,https://i.redd.it/m15a0dffa9jg1.png,https://www.reddit.com/r/SipsTea/comments/1r3nza0/winter_olympics/,,We have fun here :Peter:,False,i.redd.it
1qyenh2,Israeli team booed at 2026 Winter Olympics opening ceremony,Particular_Log_3594,TrendoraX,28091,0.9,2134,1770473158.0,2026-02-07 14:05:58,https://v.redd.it/nlsc5eaox2ig1,https://www.reddit.com/r/TrendoraX/comments/1qyenh2/israeli_team_booed_at_2026_winter_olympics/,,⚽ Sports ,False,v.redd.it
1qxwdan,"JD Vance gets ""a lot of boos"" during Winter Olympics opening ceremony",Prestigious-Toe7600,circled,36666,0.95,1764,1770417700.0,2026-02-06 22:41:40,https://i.redd.it/hcwhiedqcyhg1.jpeg,https://www.reddit.com/r/circled/comments/1qxwdan/jd_vance_gets_a_lot_of_boos_during_winter/,,💬 Opinion / Discussion,False,i.redd.it
1r3usa3,Condom shortage hits Winter Olympics as supplies vanish in just 3 days,joelman0,nottheonion,38633,0.93,1389,1771002382.0,2026-02-13 17:06:22,https://www.nbcboston.com/olympics/2026-milan-cortina/condom-shortage-hits-winter-olympics-supplies-vanish-3-days/3897660/,https://www.reddit.com/r/nottheonion/comments/1r3usa3/condom_shortage_hits_winter_olympics_as_supplies/,,,False,nbcboston.com
1qv3s5z,"A Chinese speed skater, Yang Jingru, executed a brilliant tactic to win gold in the 1500m at the 2024 Winter Youth Olympics.",jmike1256,nextfuckinglevel,21956,0.84,2186,1770151726.0,2026-02-03 20:48:46,https://v.redd.it/u1r3xg7vdchg1,https://www.reddit.com/r/nextfuckinglevel/comments/1qv3s5z/a_chinese_speed_skater_yang_jingru_executed_a/,,,False,v.redd.it
1qy13xt,NBC appears to cut crowd’s booing of JD Vance from Winter Olympics broadcast,biograf_,sports,41642,0.94,1343,1770429829.0,2026-02-07 02:03:49,https://www.theguardian.com/us-news/2026/feb/06/nbc-appears-to-cut-crowds-booing-of-jd-vance-from-winter-olympics-broadcast,https://www.reddit.com/r/sports/comments/1qy13xt/nbc_appears_to_cut_crowds_booing_of_jd_vance_from/,,:olympics: Olympics,False,theguardian.com
1qof12b,Italians furious over deployment of ICE agents to bolster US security at Winter Olympics,Rough_Tap9008,news,33023,0.96,1760,1769523400.0,2026-01-27 14:16:40,https://edition.cnn.com/2026/01/27/europe/italy-ice-agents-security-olympics-intl,https://www.reddit.com/r/news/comments/1qof12b/italians_furious_over_deployment_of_ice_agents_to/,,,False,edition.cnn.com
1qxm0mh,Winter Olympics Skier Gus Kenworthy Urinates “F*** ICE” In Snow,MarvelsGrantMan136,sports,66973,0.92,1065,1770394698.0,2026-02-06 16:18:18,https://deadline.com/2026/02/winter-olympics-gus-kenworthy-urinate-fuck-ice-1236711154/,https://www.reddit.com/r/sports/comments/1qxm0mh/winter_olympics_skier_gus_kenworthy_urinates_f/,,:olympics: Olympics,False,deadline.com
1qyi536,Israeli Olympic team booed at 2026 Winter Olympics opening ceremony,were_all_in_danger,Fauxmoi,35605,0.89,1032,1770481547.0,2026-02-07 16:25:47,https://v.redd.it/e6pmnsomm3ig1,https://www.reddit.com/r/Fauxmoi/comments/1qyi536/israeli_olympic_team_booed_at_2026_winter/,,APPROVED B-LISTERS,False,v.redd.it
1qy22f0,NBC appears to cut crowd’s booing of JD Vance from Winter Olympics broadcast,esporx,technology,38021,0.94,938,1770432483.0,2026-02-07 02:48:03,https://www.theguardian.com/us-news/2026/feb/06/nbc-appears-to-cut-crowds-booing-of-jd-vance-from-winter-olympics-broadcast,https://www.reddit.com/r/technology/comments/1qy22f0/nbc_appears_to_cut_crowds_booing_of_jd_vance_from/,,Networking/Telecom,False,theguardian.com
1qyf6g8,Strong backlash in Italy! The crowd booed JD Vance when his face appeared on the giant screens during the opening ceremony of the Winter Olympics in Milan. This moment makes it clear that many people do not want the Trump administration involved in this major sporting event.,MonitorVarious7608,circled,24312,0.94,1076,1770474513.0,2026-02-07 14:28:33,https://i.redd.it/ndtl7bsp13ig1.jpeg,https://www.reddit.com/r/circled/comments/1qyf6g8/strong_backlash_in_italy_the_crowd_booed_jd_vance/,,💬 Opinion / Discussion,False,i.redd.it
1qyd4ub,JD Vance and wife mercilessly booed at the 2026 Milan Winter Olympics opening ceremony in Italy,ControlCAD,videos,27981,0.92,1000,1770469048.0,2026-02-07 12:57:28,https://www.youtube.com/watch?v=0kfKBO9djD0,https://www.reddit.com/r/videos/comments/1qyd4ub/jd_vance_and_wife_mercilessly_booed_at_the_2026/,,,False,youtube.com
1qxx413,"Team USA, Vance Booed in Frosty Reception at Italy’s Winter Olympics",wsj,europe,31888,0.95,939,1770419471.0,2026-02-06 23:11:11,https://www.wsj.com/sports/olympics/team-usa-winter-olympics-31642142?st=8XZhXw&amp;mod=wsjreddit,https://www.reddit.com/r/europe/comments/1qxx413/team_usa_vance_booed_in_frosty_reception_at/,,News,False,wsj.com
1qwygdh,Food prices at the 2026 Winter Olympic games,chanashan,pics,12242,0.96,1866,1770327385.0,2026-02-05 21:36:25,https://i.redd.it/oh3qvg18wqhg1.jpeg,https://www.reddit.com/r/pics/comments/1qwygdh/food_prices_at_the_2026_winter_olympic_games/,,,False,i.redd.it
1qzowae,"Hunter Hess, a skier representing the USA in this year's Winter Olympics, who Trump called ""a real loser"", is a Bend native.",Altruistic-Form-3771,oregon,31506,0.95,884,1770594872.0,2026-02-08 23:54:32,https://www.reddit.com/gallery/1qzowae,https://www.reddit.com/r/oregon/comments/1qzowae/hunter_hess_a_skier_representing_the_usa_in_this/,"Let's give a big shoutout and round of applause for Hunter Hess here, as well as all our athletes from Oregon here.

A few days ago, two skiers from the US men's team, Hunter Hess and Chris Lillis, were interviewed about what they felt was going on the USA. Hess told reporters that he has ""mixed emotions"" about what is happening in the USA and the political climate, and both athletes spoke out against ICE. Both athletes in that interview made it very clear that people can still love their country, but be angry at the direction that the country and its government are headed. As a result, Orange Man took offense to this can publicly called Hess ""a real loser"" on social media.

I'm a person of color that lives in the Portland area, and Hunter Hess has far more in common with the average redneck outside the Willamette Valley than the average commuter in the Portland area. Yet Hess gave an incredibly professional sounding interview in front of a very international audience. Something that Trump could never do! To see the US president openly call an elite athlete from Oregon ""a real loser"" is absolutely despicable.",Trending,False,reddit.com
1r137ge,"TIL Canadians sent 5 tonnes of maple syrup to thank a Norwegian coach who gave a Canadian skier a spare pole after she broke hers mid-race, which led to Canada winning a silver medal at the 2006 Winter Olympics",planetcosmic,todayilearned,33021,0.97,805,1770736017.0,2026-02-10 15:06:57,https://www.cbc.ca/sports/norwegian-rewarded-for-olympic-sportsmanship-1.602311,https://www.reddit.com/r/todayilearned/comments/1r137ge/til_canadians_sent_5_tonnes_of_maple_syrup_to/,,,False,cbc.ca
1qokqyl,Italian centre-left politicians protested in the Lombardy regional council over reports that United States ICE agents could be involved in security for the upcoming Milan-Cortina Winter Olympics.,bordenman,UnderReportedNews,41043,0.97,826,1769535737.0,2026-01-27 17:42:17,https://v.redd.it/6fdiuaxzhxfg1,https://www.reddit.com/r/UnderReportedNews/comments/1qokqyl/italian_centreleft_politicians_protested_in_the/,[https://www.nbcnews.com/world/italy/ice-role-winter-olympics-prompts-fury-italy-rcna256087](https://www.nbcnews.com/world/italy/ice-role-winter-olympics-prompts-fury-italy-rcna256087),Europe / EU 🇪🇺,False,v.redd.it
1qyefiy,Israeli team booed at 2026 Winter Olympics opening ceremony,Particular_Log_3594,Knowledge_Community,8163,0.92,2111,1770472584.0,2026-02-07 13:56:24,https://v.redd.it/3b9s5gtyv2ig1,https://www.reddit.com/r/Knowledge_Community/comments/1qyefiy/israeli_team_booed_at_2026_winter_olympics/,,Video,False,v.redd.it
1r2o645,Winter Olympics 2026: Ukrainian athlete disqualified from skeleton over helmet tribute – live,Undefined_definition,europe,13792,0.96,924,1770885196.0,2026-02-12 08:33:16,https://www.theguardian.com/sport/live/2026/feb/12/winter-olympics-2026-day-six-live-action?CMP=Share_AndroidApp_Other,https://www.reddit.com/r/europe/comments/1r2o645/winter_olympics_2026_ukrainian_athlete/,,News,False,theguardian.com
1r3vnch,My grandmother has seen a little too much Winter Olympics,The_Chuckness88,funny,101189,0.96,527,1771004313.0,2026-02-13 17:38:33,https://v.redd.it/6ew1q9p2tajg1,https://www.reddit.com/r/funny/comments/1r3vnch/my_grandmother_has_seen_a_little_too_much_winter/,,,False,v.redd.it
1qxvn4f,US VP JD Vance getting booed during 2026 Winter Olympics opening ceremony,Yujin-Ha,popculturechat,33548,0.96,646,1770415975.0,2026-02-06 22:12:55,https://v.redd.it/29wdqufn7yhg1,https://www.reddit.com/r/popculturechat/comments/1qxvn4f/us_vp_jd_vance_getting_booed_during_2026_winter/,,Hot Topics 🚀,False,v.redd.it
1r5vqvs,JUST IN: Japanese freestyle skier Ikuma Horishima crosses finish line backwards at Winter Olympics,ShiroSara,sports,47296,0.97,530,1771204125.0,2026-02-16 01:08:45,https://v.redd.it/31or2iq7brjg1,https://www.reddit.com/r/sports/comments/1r5vqvs/just_in_japanese_freestyle_skier_ikuma_horishima/,,:ski: Skiing,False,v.redd.it
1qyfjoy,Israeli team booed at 2026 Winter Olympics opening ceremony,Particular_Log_3594,newsinterpretation,15220,0.96,818,1770475438.0,2026-02-07 14:43:58,https://v.redd.it/4s5jlvbg43ig1,https://www.reddit.com/r/newsinterpretation/comments/1qyfjoy/israeli_team_booed_at_2026_winter_olympics/,,,False,v.redd.it
1r3k7ie,Show this to anyone who says the Winter Olympics are boring,Limp-Helicopter-9682,sports,8898,0.88,1027,1770972636.0,2026-02-13 08:50:36,https://v.redd.it/btv8as7s68jg1,https://www.reddit.com/r/sports/comments/1r3k7ie/show_this_to_anyone_who_says_the_winter_olympics/,,:olympics: Olympics,False,v.redd.it
1qyrbsf,"Team USA figure skater Amber Glenn speaking at the 2026 Winter Olympics on the importance of using her platform to support the LGBTQ community under the Trump administration: I know a lot of people say you're just an athlete, like stick to your job. Shut up about politics, but politics affect us all",Yujin-Ha,sports,30230,0.9,511,1770502981.0,2026-02-07 22:23:01,https://v.redd.it/vszj6f6de5ig1,https://www.reddit.com/r/sports/comments/1qyrbsf/team_usa_figure_skater_amber_glenn_speaking_at/,,:olympics: Olympics,False,v.redd.it
1qt8el8,Anger is mounting in Italy over ICE presence at the Winter Olympics.,Mental_Pea9125,ProgressiveHQ,11183,0.99,787,1769974779.0,2026-02-01 19:39:39,https://v.redd.it/ernsidoqrxgg1,https://www.reddit.com/r/ProgressiveHQ/comments/1qt8el8/anger_is_mounting_in_italy_over_ice_presence_at/,,Protest,False,v.redd.it
1r4mqgt,OC: Brazilian skier celebrates winning first Winter Olympic medal for South America,nbcnews,pics,25628,0.98,468,1771081187.0,2026-02-14 14:59:47,https://www.reddit.com/gallery/1r4mqgt,https://www.reddit.com/r/pics/comments/1r4mqgt/oc_brazilian_skier_celebrates_winning_first/,,,False,reddit.com
1r2o3d3,Ukraine's Vladyslav Heraskevych out of Winter Olympics over banned helmet honoring war dead,TheGreatDomilies,sports,11617,0.96,634,1770884904.0,2026-02-12 08:28:24,https://apnews.com/article/heraskevych-helmet-ukraine-olympics-skeleton-9f304e1ff834ddab33af2f4e003f04a8,https://www.reddit.com/r/sports/comments/1r2o3d3/ukraines_vladyslav_heraskevych_out_of_winter/,,:olympics: Olympics,False,apnews.com
1r1u1be,"we need to start calling winter olympics medals participation trophies for rich europeans, they're not real sports like the summer olympics",SIIP00,ShitAmericansSay,7677,0.98,825,1770806368.0,2026-02-11 10:39:28,https://i.redd.it/kgnwf2lhguig1.jpeg,https://www.reddit.com/r/ShitAmericansSay/comments/1r1u1be/we_need_to_start_calling_winter_olympics_medals/,,Europe,False,i.redd.it
1r8slhi,Canada at the Winter Olympics,Nviewx,WinterOlympics2026,14061,0.97,466,1771485153.0,2026-02-19 07:12:33,https://v.redd.it/dol3yix4iekg1,https://www.reddit.com/r/WinterOlympics2026/comments/1r8slhi/canada_at_the_winter_olympics/,"Everybody, Everybody.. Coming for Everybody ",,False,v.redd.it
1r9wkgp,"Today, Norway made history, securing 17 gold medals in a single Winter Olympics",sabelsvans,olympics,8830,0.98,580,1771597136.0,2026-02-20 14:18:56,https://i.redd.it/ns32i9murnkg1.jpeg,https://www.reddit.com/r/olympics/comments/1r9wkgp/today_norway_made_history_securing_17_gold_medals/,"Johannes Dale-Skjevdal delivered a perfect 20 for 20 on the shooting range in toady 15 km mass start biathlon, a flawless performance that sealed Norway’s 17th gold medal of the Games.

With that, Norway surpassed its own record of 16 gold medals set at the Beijing 2022 Winter Olympics, setting a new benchmark in Winter Olympic history 🥳🍾🍻🥂",❄ Milano-Cortina 2026 (General Discussion) ❄,False,i.redd.it
1qoeiei,ICE agents to help with security at Winter Olympics,AccurateSource2,nottheonion,7190,0.95,873,1769522185.0,2026-01-27 13:56:25,https://www.straitstimes.com/world/europe/ice-agents-to-help-with-security-at-winter-olympics,https://www.reddit.com/r/nottheonion/comments/1qoeiei/ice_agents_to_help_with_security_at_winter/,,,False,straitstimes.com
1qxv667,British-American Winter Olympic Skier Gus Kenworthy Pissed FUCK ICE in the Snow,QuicklyThisWay,chaoticgood,18626,0.95,426,1770414872.0,2026-02-06 21:54:32,https://i.redd.it/7jtg4avs3yhg1.jpeg,https://www.reddit.com/r/chaoticgood/comments/1qxv667/britishamerican_winter_olympic_skier_gus/,"**Team GB skier Gus Kenworthy will not be punished after appearing to urinate a graphic message about the United States' immigration and customs enforcement (ICE) in the snow, then posting a photograph of it online. -** [https://www.bbc.com/sport/articles/cew8wk7ygwno](https://www.bbc.com/sport/articles/cew8wk7ygwno)   
Archive: [https://web.archive.org/web/20260206215310/https://www.bbc.com/sport/articles/cew8wk7ygwno](https://web.archive.org/web/20260206215310/https://www.bbc.com/sport/articles/cew8wk7ygwno)",Current Events,False,i.redd.it
1qyam22,NBC appears to cut crowd’s booing of JD Vance from Winter Olympics broadcast | Winter Olympics,WF-2,news,12977,0.97,434,1770460650.0,2026-02-07 10:37:30,https://www.theguardian.com/us-news/2026/feb/06/nbc-appears-to-cut-crowds-booing-of-jd-vance-from-winter-olympics-broadcast,https://www.reddit.com/r/news/comments/1qyam22/nbc_appears_to_cut_crowds_booing_of_jd_vance_from/,,,False,theguardian.com
1qye89g,dramatic arrival of the Olympic rings at the 2026 Winter Olympics Opening Ceremony,Obvious_Shoe7302,Damnthatsinteresting,15319,0.93,404,1770472040.0,2026-02-07 13:47:20,https://v.redd.it/uxo9oev7u2ig1,https://www.reddit.com/r/Damnthatsinteresting/comments/1qye89g/dramatic_arrival_of_the_olympic_rings_at_the_2026/,,Video,False,v.redd.it
1r0w64g,"The angle of the track for the sliding sports event (bobsled, luge, and skeleton) at the winter Olympics",Hypnoidz,interestingasfuck,17886,0.99,350,1770715333.0,2026-02-10 09:22:13,https://v.redd.it/md7alcjsxmig1,https://www.reddit.com/r/interestingasfuck/comments/1r0w64g/the_angle_of_the_track_for_the_sliding_sports/,,,False,v.redd.it
1qmnz4y,Connor and Hudson with the Winter Olympic 2026 torches images are out,ivan_luck,heatedrivalry,16789,0.96,390,1769359084.0,2026-01-25 16:38:04,https://i.redd.it/b1av6j0zwifg1.jpeg,https://www.reddit.com/r/heatedrivalry/comments/1qmnz4y/connor_and_hudson_with_the_winter_olympic_2026/,Source: https://www.instagram.com/p/DT8LGIbkZ-n/?img\_index=1&amp;igsh=MXJ5Y2VubGg4NWZzaw== igsh=M3p5djgxejQwbDJz,SOCIAL MEDIA 📸,False,i.redd.it
1r9wum4,"Kash Patel takes '$75,000 FBI jet flight' to see Winter Olympics sport he loves",TheMirrorUS,FBI,15835,0.98,324,1771597825.0,2026-02-20 14:30:25,https://www.themirror.com/sport/ice-hockey/kash-patel-winter-olymics-hockey-1694132,https://www.reddit.com/r/FBI/comments/1r9wum4/kash_patel_takes_75000_fbi_jet_flight_to_see/,,News,False,themirror.com
1qxvjqg,"JD Vance gets ""a lot of boos"" during Winter Olympics opening ceremony",ansyhrrian,politics,21279,0.98,329,1770415746.0,2026-02-06 22:09:06,https://www.newsweek.com/jd-vance-booed-olympics-opening-ceremony-11481402,https://www.reddit.com/r/politics/comments/1qxvjqg/jd_vance_gets_a_lot_of_boos_during_winter/,,No Paywall,False,newsweek.com
1qoeqxa,Milan Mayor Slams U.S. ICE Role at 2026 Winter Olympics,Memes_FoIder,UnderReportedNews,20776,0.98,344,1769522732.0,2026-01-27 14:05:32,https://i.redd.it/qgsnjoqkfwfg1.jpeg,https://www.reddit.com/r/UnderReportedNews/comments/1qoeqxa/milan_mayor_slams_us_ice_role_at_2026_winter/,,ICE / DHS 🧊,False,i.redd.it
1r7tz3c,In honor of the Winter Olympics: Who remembers this fiasco?,RealPlanC,90s,6126,0.95,525,1771390946.0,2026-02-18 05:02:26,https://i.redd.it/wwarc0qqq6kg1.jpeg,https://www.reddit.com/r/90s/comments/1r7tz3c/in_honor_of_the_winter_olympics_who_remembers/,It has been 32 years since the whole Nancy Kerrigan and Tonya Harding incident. ,:90s: Discussion,False,i.redd.it
1ra84wr,"After delivering an exuberant performance at the 2026 Winter Olympics, Alysa Liu skated off the ice shouting, ""that's what I'm fucking talking about!"" on live TV — minutes later, she was crowned champion. It's the first time in 24 years a U.S. athlete has triumphed in this event.",Huzaifa_Haroon,Fauxmoi,18174,0.95,297,1771622958.0,2026-02-20 21:29:18,https://v.redd.it/35l9m7m9vpkg1,https://www.reddit.com/r/Fauxmoi/comments/1ra84wr/after_delivering_an_exuberant_performance_at_the/,,SPORTS SECTION,False,v.redd.it
1qy61pv,To be well-received at the 2026 Winter Olympics,AbeFromanSassageKing,therewasanattempt,13920,0.94,347,1770444287.0,2026-02-07 06:04:47,https://v.redd.it/m2sw0f8uj0ig1,https://www.reddit.com/r/therewasanattempt/comments/1qy61pv/to_be_wellreceived_at_the_2026_winter_olympics/,,,False,v.redd.it
1qzdph9,Team Mongolias winter olympics outfits,MambaMentality24x2,BeAmazed,36840,0.98,269,1770568880.0,2026-02-08 16:41:20,https://www.reddit.com/gallery/1qzdph9,https://www.reddit.com/r/BeAmazed/comments/1qzdph9/team_mongolias_winter_olympics_outfits/,,Miscellaneous / Others,False,reddit.com
1r4xud7,Number of Medals Won at the Winter Olympics All Time in the Americas,Fluid-Decision6262,MapPorn,6820,0.97,421,1771108027.0,2026-02-14 22:27:07,https://i.redd.it/qmysog9hdjjg1.jpeg,https://www.reddit.com/r/MapPorn/comments/1r4xud7/number_of_medals_won_at_the_winter_olympics_all/,,,False,i.redd.it
1qrab59,"Olympic bus fare surcharge leaves 11-year-old stranded in snow | An 11-year-old schoolboy who did not have money for a bus fare surcharge introduced for the Milano Cortina Winter Olympics was forced to walk 6 kilometres (3.8 miles) home in sub-zero snowy weather, his family said on Friday",Socmel_,europe,8532,0.97,412,1769790743.0,2026-01-30 16:32:23,https://www.reuters.com/world/olympic-bus-fare-surcharge-leaves-11-year-old-stranded-snow-2026-01-30/,https://www.reddit.com/r/europe/comments/1qrab59/olympic_bus_fare_surcharge_leaves_11yearold/,,News,False,reuters.com
1qaovdk,"Cloudflare’s CEO has threatened to pull the company out of Italy, and to withdraw free services it intends to provide to the Winter Olympic games",Logical_Welder3467,technology,6656,0.97,562,1768203915.0,2026-01-12 07:45:15,https://www.theregister.com/2026/01/12/cloudflare_vs_italy/,https://www.reddit.com/r/technology/comments/1qaovdk/cloudflares_ceo_has_threatened_to_pull_the/,,Politics,False,theregister.com
1qxx4tb,"Charlize Theron’s speech at the Winter Olympics Opening Ceremony in Milan: “Peace is not just the absence of conflict. Peace is the creation of an environment where all can flourish, regardless of race, colour, creed, religion, gender, class, caste or any other social markers of difference.”",cmaia1503,Fauxmoi,22196,0.98,260,1770419526.0,2026-02-06 23:12:06,https://v.redd.it/zk6pny77iyhg1,https://www.reddit.com/r/Fauxmoi/comments/1qxx4tb/charlize_therons_speech_at_the_winter_olympics/,,SPORTS SECTION,False,v.redd.it
1r2o6g5,Ukraine's Vladyslav Heraskevych out of Winter Olympics over banned helmet honoring war dead,TheGreatDomilies,news,7920,0.97,322,1770885232.0,2026-02-12 08:33:52,https://apnews.com/article/heraskevych-helmet-ukraine-olympics-skeleton-9f304e1ff834ddab33af2f4e003f04a8,https://www.reddit.com/r/news/comments/1r2o6g5/ukraines_vladyslav_heraskevych_out_of_winter/,,,False,apnews.com
1r4ocax,"Winter Olympics in crisis as athletes deplete entire stock of 10,000 free condoms",tylerthe-theatre,europe,5741,0.91,374,1771085078.0,2026-02-14 16:04:38,https://www.independent.co.uk/sport/olympics/winter-olympics/winter-olympics-free-condoms-valentines-b2920445.html,https://www.reddit.com/r/europe/comments/1r4ocax/winter_olympics_in_crisis_as_athletes_deplete/,,News,False,independent.co.uk
1qva1qr,Team Mongolia will be wearing Goyol Cashmere for their ceremonial and casual looks at the 2026 Winter Olympics.,Murky_Chemical891,popculturechat,16585,0.99,236,1770166524.0,2026-02-04 00:55:24,https://www.reddit.com/gallery/1qva1qr,https://www.reddit.com/r/popculturechat/comments/1qva1qr/team_mongolia_will_be_wearing_goyol_cashmere_for/,,Sports Section 🏈⚽️,False,reddit.com
1qxw9q6,"OC: Erin Jackson, the first Black woman to win ind. gold at the Winter Olympics, leads Team USA",nbcnews,pics,18004,0.97,204,1770417464.0,2026-02-06 22:37:44,https://i.redd.it/egm2mr32cyhg1.png,https://www.reddit.com/r/pics/comments/1qxw9q6/oc_erin_jackson_the_first_black_woman_to_win_ind/,,,False,i.redd.it
1quucdk,Lindsey Vonn will compete at the 2026 Winter Olympics despite ‘completely ruptured’ ACL injury,MadnessLLD,sports,3345,0.96,564,1770131190.0,2026-02-03 15:06:30,https://www.cnn.com/2026/02/03/sport/lindsey-vonn-injury-latest-winter-olympics,https://www.reddit.com/r/sports/comments/1quucdk/lindsey_vonn_will_compete_at_the_2026_winter/,,:olympics: Olympics,False,cnn.com
1qyp8gq,Israeli Olympic team booed at 2026 Winter Olympics opening ceremony,EclecticEel,videos,2821,0.88,637,1770497925.0,2026-02-07 20:58:45,https://vimeo.com/1162887129?share=copy&amp;fl=sv&amp;fe=ci,https://www.reddit.com/r/videos/comments/1qyp8gq/israeli_olympic_team_booed_at_2026_winter/,,,False,vimeo.com
1r6sivh,ELI5 How did Norway become so dominant in the Winter Olympics?,El-Viking,explainlikeimfive,2239,0.86,848,1771291935.0,2026-02-17 01:32:15,https://www.reddit.com/r/explainlikeimfive/comments/1r6sivh/eli5_how_did_norway_become_so_dominant_in_the/,https://www.reddit.com/r/explainlikeimfive/comments/1r6sivh/eli5_how_did_norway_become_so_dominant_in_the/,"Specifically, why does Norway fare so much better compared to other Nordic/Scandinavian/Arctic countries?",Technology,True,self.explainlikeimfive
1qyhkr0,X actively took down videos of JD Vance being booed in the Winter Olympics.,TORUKMACTO92,WhitePeopleTwitter,19630,0.98,179,1770480251.0,2026-02-07 16:04:11,https://i.redd.it/bkflidwri3ig1.jpeg,https://www.reddit.com/r/WhitePeopleTwitter/comments/1qyhkr0/x_actively_took_down_videos_of_jd_vance_being/,,r/All,False,i.redd.it
1qaqnx7,"TIL that violinist Vanessa-Mae became an Olympic skier. She took part in the 2014 Winter Olympics in Alpine skiing. She came last out of 67. Her selection became controversial due to questions around qualification and allegations of race fixing, claims that were not substantiated.",johnsmithoncemore,todayilearned,5741,0.95,345,1768210815.0,2026-01-12 09:40:15,https://en.wikipedia.org/wiki/Vanessa-Mae#Investigation_and_appeal,https://www.reddit.com/r/todayilearned/comments/1qaqnx7/til_that_violinist_vanessamae_became_an_olympic/,,,False,en.wikipedia.org
1qk5kgx,Stars of gay hockey show ‘Heated Rivalry’ will be Winter Olympics torchbearers,BloodJunkie,hockey,3622,0.85,485,1769113202.0,2026-01-22 20:20:02,https://www.outsports.com/2026/1/22/24126479/heated-rivalry-winter-olympics-torch-relay-connor-storrie-hudson-williams/,https://www.reddit.com/r/hockey/comments/1qk5kgx/stars_of_gay_hockey_show_heated_rivalry_will_be/,,[hockey flaired users only],False,outsports.com
1r3qsli,"Sex-mad Winter Olympics stars run out of condoms in three days despite 10,000 freebies",bolshoybooze,BrandNewSentence,8557,0.97,217,1770993393.0,2026-02-13 14:36:33,https://i.redd.it/jgov4ewlw9jg1.jpeg,https://www.reddit.com/r/BrandNewSentence/comments/1r3qsli/sexmad_winter_olympics_stars_run_out_of_condoms/,,,False,i.redd.it
1r66gtm,Winter Olympics: 500m shorttrack photo finish,Gregardus,funny,6903,0.97,231,1771238869.0,2026-02-16 10:47:49,https://i.redd.it/4ieynt1j6ujg1.png,https://www.reddit.com/r/funny/comments/1r66gtm/winter_olympics_500m_shorttrack_photo_finish/,,,False,i.redd.it
1r6ohwh,The back of the big air ramp is seen on day seven of the Milano Cortina 2026 Winter Olympic games,unfocusleft,pics,6604,0.99,214,1771281787.0,2026-02-16 22:43:07,https://i.redd.it/ct3hs5l5qxjg1.jpeg,https://www.reddit.com/r/pics/comments/1r6ohwh/the_back_of_the_big_air_ramp_is_seen_on_day_seven/,,,False,i.redd.it
1r9w5ui,"Norway wins its 17th gold medal, breaking its record for most golds won in a single Winter Olympics",Oldtimer_2,sports,5397,0.98,235,1771596140.0,2026-02-20 14:02:20,https://apnews.com/article/winter-olympics-norway-gold-record-biathlon-8d64eaeceeaf2d94e36df59d8d204639,https://www.reddit.com/r/sports/comments/1r9w5ui/norway_wins_its_17th_gold_medal_breaking_its/,,:olympics: Olympics,False,apnews.com
1qocd2e,"ICE Agents Set to Have Security Role During Winter Olympics in Italy, Prompting Uproar",Infidel8,politics,3064,0.97,456,1769516515.0,2026-01-27 12:21:55,https://variety.com/2026/sports/global/ice-agents-security-winter-olympics-games-italy-1236642001/,https://www.reddit.com/r/politics/comments/1qocd2e/ice_agents_set_to_have_security_role_during/,,No Paywall,False,variety.com
1qxzwnc,“I Feel Bad For The Athletes”: JD Vance Gets Booed At The Winter Olympics Inauguration Ceremony,SecretPlum1,newsinterpretation,4409,0.97,291,1770426565.0,2026-02-07 01:09:25,https://www.boredpanda.com/jd-vance-gets-booed-at-the-winter-olympics-inauguration-ceremony/?utm_source=reddit&amp;utm_medium=link&amp;utm_campaign=distinct0197,https://www.reddit.com/r/newsinterpretation/comments/1qxzwnc/i_feel_bad_for_the_athletes_jd_vance_gets_booed/,,,False,boredpanda.com
1qzod9t,"Do you think the Southern Hemisphere will ever host a Winter Olympic Games? If so, which country?",Lissandra_Freljord,geography,1976,0.95,816,1770593407.0,2026-02-08 23:30:07,https://i.redd.it/i55q8j5urcig1.png,https://www.reddit.com/r/geography/comments/1qzod9t/do_you_think_the_southern_hemisphere_will_ever/,,Discussion,False,i.redd.it
1r9lp33,The moment Ami Nakai realized her placement | Winter Olympics 2026,oncetwice1020,FigureSkating,7652,1.0,186,1771561713.0,2026-02-20 04:28:33,https://v.redd.it/tac34oy5ukkg1,https://www.reddit.com/r/FigureSkating/comments/1r9lp33/the_moment_ami_nakai_realized_her_placement/,,,False,v.redd.it
1qp9oww,Italy’s foreign minister defends ICE attendance at Winter Olympics: ‘It’s not the SS’,tylerthe-theatre,europe,2146,0.92,697,1769602333.0,2026-01-28 12:12:13,https://www.independent.co.uk/news/world/europe/italy-ice-winter-olympics-backlash-ss-b2909240.html,https://www.reddit.com/r/europe/comments/1qp9oww/italys_foreign_minister_defends_ice_attendance_at/,,News,False,independent.co.uk
1r5oagz,Inside Italy’s Abandoned Winter Olympic Sites,BWT_Urbex,abandoned,6340,0.99,200,1771185414.0,2026-02-15 19:56:54,https://www.reddit.com/gallery/1r5oagz,https://www.reddit.com/r/abandoned/comments/1r5oagz/inside_italys_abandoned_winter_olympic_sites/,"While everyone's watching the Milano Cortina 2026 Winter Games, we went to the part nobody broadcasts: the abandoned venues that were left behind. These photos are from two abandoned sites of Torino 2006: Cesana Pariol (ice track for bobsleigh, luge &amp; skeleton), and Pragelato (the ski jump stadium). What shocked us: parts of it are still in surprisingly good shape, even after nearly 20 years. And yet, they didn't reuse these sites. See more on YouTube: [https://youtu.be/jkMT1habyT8](https://youtu.be/jkMT1habyT8)",,False,reddit.com
1r42m89,Winter Olympics 2026 men's figure skating live updates: Ilia Malinin fails to medal after falling twice in final skate,ReaddittiddeR,sports,2136,0.95,568,1771020245.0,2026-02-13 22:04:05,https://www.nytimes.com/athletic/live-blogs/mens-figure-skating-final-live-updates-winter-olympics-2026-ilia-malinin/Fo8oXechGOK9/,https://www.reddit.com/r/sports/comments/1r42m89/winter_olympics_2026_mens_figure_skating_live/,,:skating: Skating,False,nytimes.com
1ra80y4,"Polish athlete Kamila Sellier almost loses an eye at the Winter Olympics (She's fine, thankfully)",PolylingualAnilingus,SweatyPalms,9003,0.98,153,1771622702.0,2026-02-20 21:25:02,https://v.redd.it/1s35pfatvpkg1,https://www.reddit.com/r/SweatyPalms/comments/1ra80y4/polish_athlete_kamila_sellier_almost_loses_an_eye/,,Disasters &amp; accidents,False,v.redd.it
1qxuurb,"US athletes cheered, JD Vance booed during Winter Olympics opening ceremony",Rock-n-roll-Kevin,politics,8544,0.98,166,1770414121.0,2026-02-06 21:42:01,https://www.usatoday.com/story/sports/olympics/2026/02/06/team-usa-2026-winter-olympics-opening-ceremony-reception/88544770007/,https://www.reddit.com/r/politics/comments/1qxuurb/us_athletes_cheered_jd_vance_booed_during_winter/,,No Paywall,False,usatoday.com
1ra00cj,Nancy and Tonya (Winter Olympics 1994),Margoshome,GenerationJones,2716,0.99,336,1771604929.0,2026-02-20 16:28:49,https://i.redd.it/xi9w146xeokg1.jpeg,https://www.reddit.com/r/GenerationJones/comments/1ra00cj/nancy_and_tonya_winter_olympics_1994/,,,False,i.redd.it
1r5voq7,Japanese freestyle skier Ikuma Horishima crosses finish line backwards at Winter Olympics,ShiroSara,interestingasfuck,11437,0.98,141,1771203963.0,2026-02-16 01:06:03,https://v.redd.it/233a8neqarjg1,https://www.reddit.com/r/interestingasfuck/comments/1r5voq7/japanese_freestyle_skier_ikuma_horishima_crosses/,,,False,v.redd.it
1qo8o4r,Winter Olympics skeleton controversy rolls on as US athlete looks to JD Vance for help,graveyardofgoodsense,sports,2533,0.91,401,1769504133.0,2026-01-27 08:55:33,https://edition.cnn.com/2026/01/26/sport/olympics-2026-katie-uhlaender-seeking-spot-milan-cortina,https://www.reddit.com/r/sports/comments/1qo8o4r/winter_olympics_skeleton_controversy_rolls_on_as/,,:news: News,False,edition.cnn.com
1r8if3z,A Czechoslovakian wolfdog crashed a 2026 Winter Olympics Race and deserves a medal and some treats....,Silent-Resort-3076,Awww,11194,0.98,130,1771455872.0,2026-02-18 23:04:32,https://v.redd.it/wfuq44bz2ckg1,https://www.reddit.com/r/Awww/comments/1r8if3z/a_czechoslovakian_wolfdog_crashed_a_2026_winter/,,,False,v.redd.it
1r72qqp,Norway is a Winter Olympic giant. Why isn’t it better at ice hockey ?,Shroft,hockey,1729,0.95,554,1771325000.0,2026-02-17 10:43:20,https://www.nytimes.com/athletic/7050048/2026/02/17/winter-olympics-2026-norway-hockey/,https://www.reddit.com/r/hockey/comments/1r72qqp/norway_is_a_winter_olympic_giant_why_isnt_it/,,[Paywall],False,nytimes.com
1qy96ig,Bloody Winter Olympic 2026,Icy_Till_7254,ukraine,7971,0.97,148,1770455335.0,2026-02-07 09:08:55,https://www.reddit.com/gallery/1qy96ig,https://www.reddit.com/r/ukraine/comments/1qy96ig/bloody_winter_olympic_2026/,When ruzzia and bel@ruz once travelled their way through Beyond joke “neutrality team”.,:Art: Art Friday,False,reddit.com
1r6nj4k,Georgia has won first ever Winter’s Olympic medal!!,ZucchiniFluid4229,olympics,6388,0.99,153,1771279588.0,2026-02-16 22:06:28,https://i.redd.it/nbz9ph8mjxjg1.jpeg,https://www.reddit.com/r/olympics/comments/1r6nj4k/georgia_has_won_first_ever_winters_olympic_medal/,🇬🇪🇬🇪,❄ Milano-Cortina 2026 (Official Result) ❄,False,i.redd.it
1r870k8,A dog crossed the 2026 Winter Olympics cross-country finish line,humankendoll33,animalsdoingstuff,3427,0.97,224,1771430776.0,2026-02-18 16:06:16,https://v.redd.it/dw91a5v51akg1,https://www.reddit.com/r/animalsdoingstuff/comments/1r870k8/a_dog_crossed_the_2026_winter_olympics/,,! Good boy !,False,v.redd.it
1r3wh5g,The Winter Olympics Televised Apology Isn’t Romantic – It's Manipulation,nextquestioncya,TwoXChromosomes,5393,0.95,159,1771006153.0,2026-02-13 18:09:13,https://www.glamourmagazine.co.uk/article/winter-olympics-sturla-holm-laegreid,https://www.reddit.com/r/TwoXChromosomes/comments/1r3wh5g/the_winter_olympics_televised_apology_isnt/,"There's something very annoying knowing this woman is likely now being questioned by everyone she knows as to whether she's going to take him back. The betrayal was done quietly but the apology is life alteringly loud.

  
Have you ever had someone go around making themselves look like a martyr after wronging you? I hope she's OK.",,False,glamourmagazine.co.uk
1qx2qyd,Haiti’s Winter Olympic uniforms by Italian-Haitian designer Stella Jean. The only hand painted uniforms at the games.,pinkstarrfish,Fauxmoi,10952,0.99,121,1770337862.0,2026-02-06 00:31:02,https://www.reddit.com/gallery/1qx2qyd,https://www.reddit.com/r/Fauxmoi/comments/1qx2qyd/haitis_winter_olympic_uniforms_by_italianhaitian/,https://www.essence.com/news/haiti-winter-olympics-uniforms/,SPORTS SECTION,False,reddit.com
1r2qhci,🇺🇦 Olympic president visibly upset as Ukrainian athlete is expelled from the Winter Games over banned helmet which honours athletes killed in the war,Timbucktwo1230,PopularCultureZone,3616,0.97,192,1770893913.0,2026-02-12 10:58:33,https://i.redd.it/i8oy7c2to1jg1.jpeg,https://www.reddit.com/r/PopularCultureZone/comments/1r2qhci/olympic_president_visibly_upset_as_ukrainian/,,Sports Culture ⚽️ 🏉 🎾 ,False,i.redd.it
1qyegrb,Israeli team booed at 2026 Winter Olympics opening ceremony,Particular_Log_3594,ABoringDystopia,6162,0.97,140,1770472677.0,2026-02-07 13:57:57,https://v.redd.it/icuf4rs8w2ig1,https://www.reddit.com/r/ABoringDystopia/comments/1qyegrb/israeli_team_booed_at_2026_winter_olympics/,,,False,v.redd.it
1qxvnqc,Angry Italians boo American athletes and JD Vance at Winter Olympics,Prosecco1234,BoycottUnitedStates,3126,0.97,211,1770416017.0,2026-02-06 22:13:37,https://www.dailymail.co.uk/sport/winterolympics/article-15536639/italians-boo-american-athletes-jd-vance-olympics.html,https://www.reddit.com/r/BoycottUnitedStates/comments/1qxvnqc/angry_italians_boo_american_athletes_and_jd_vance/,,,False,dailymail.co.uk
1qok1zg,Italians Protest US Plans to Deploy ICE at Winter Olympics,bloomberg,europe,3601,0.98,199,1769534296.0,2026-01-27 17:18:16,https://www.bloomberg.com/news/articles/2026-01-27/italians-protest-us-plans-to-deploy-ice-at-winter-olympics,https://www.reddit.com/r/europe/comments/1qok1zg/italians_protest_us_plans_to_deploy_ice_at_winter/,,News,False,bloomberg.com
1qy384n,Israel team marches to boos at Milan Winter Olympics opening ceremony,DonSalaam,International,2716,0.94,236,1770435744.0,2026-02-07 03:42:24,https://www.timesofisrael.com/israel-team-marches-to-smattering-of-boos-at-milan-winter-olympics-opening-ceremony/,https://www.reddit.com/r/International/comments/1qy384n/israel_team_marches_to_boos_at_milan_winter/,,,False,timesofisrael.com
1r6nwsv,Taylor introducing the US Women Figure Skaters at the 2026 Winter Olympics,icyfirework,TaylorSwift,5959,0.97,129,1771280445.0,2026-02-16 22:20:45,https://v.redd.it/drjmv292mxjg1,https://www.reddit.com/r/TaylorSwift/comments/1r6nwsv/taylor_introducing_the_us_women_figure_skaters_at/,,Official Social Media ☑️,False,v.redd.it
1qoi9ta,Trump wanted to send ICE to Italy for the Winter Olympics.,justalazygamer,WhitePeopleTwitter,4091,1.0,179,1769530598.0,2026-01-27 16:16:38,https://i.redd.it/blur241w2xfg1.png,https://www.reddit.com/r/WhitePeopleTwitter/comments/1qoi9ta/trump_wanted_to_send_ice_to_italy_for_the_winter/,,,False,i.redd.it
1r4kupn,Lucas Pinheiro Braathen wins first ever medal for Brasil in Winter Olympics,Disastrous_Source977,olympics,4600,0.99,150,1771076330.0,2026-02-14 13:38:50,https://i.redd.it/o9hdnn68rgjg1.jpeg,https://www.reddit.com/r/olympics/comments/1r4kupn/lucas_pinheiro_braathen_wins_first_ever_medal_for/,,❄ Milano-Cortina 2026 (News) ❄,False,i.redd.it
1r4o7j7,Countries that have won gold medals in Winter Olympics,RN_Renato,MapPorn,1880,0.97,310,1771084773.0,2026-02-14 15:59:33,https://i.redd.it/8l63maubghjg1.png,https://www.reddit.com/r/MapPorn/comments/1r4o7j7/countries_that_have_won_gold_medals_in_winter/,,,False,i.redd.it
1ra9zcr,Team USA Men's Hockey team takes down Team Slovakia 6-2 in the Semi-Finals of the 2026 Winter Olympics. They will head into a final showdown with arch-rivals Team Canada in the Finals.,Yujin-Ha,sports,2191,0.93,247,1771627318.0,2026-02-20 22:41:58,https://v.redd.it/b3jztq1l9qkg1,https://www.reddit.com/r/sports/comments/1ra9zcr/team_usa_mens_hockey_team_takes_down_team/,,:hockey: Hockey,False,v.redd.it
1r5ocnb,What Nobody Shows You About Italy’s Winter Olympic Games (abandoned venues),BWT_Urbex,urbanexploration,4582,0.98,138,1771185553.0,2026-02-15 19:59:13,https://www.reddit.com/gallery/1r5ocnb,https://www.reddit.com/r/urbanexploration/comments/1r5ocnb/what_nobody_shows_you_about_italys_winter_olympic/,"While everyone's watching the Milano Cortina 2026 Winter Games, we went to the part nobody broadcasts: the abandoned venues that were left behind. These photos are from two abandoned sites of Torino 2006: Cesana Pariol (ice track for bobsleigh, luge &amp; skeleton), and Pragelato (the ski jump stadium). What shocked us: parts of it are still in surprisingly good shape, even after nearly 20 years. And yet, they didn't reuse these sites. See more on YouTube: [https://youtu.be/jkMT1habyT8](https://youtu.be/jkMT1habyT8)",,False,reddit.com
1r3hnyu,‘It’s emptiness’: banned Ukrainian athlete accuses IOC of fuelling Russia’s propaganda | Winter Olympics 2026,HydrolicKrane,sports,2599,0.93,206,1770963444.0,2026-02-13 06:17:24,https://www.theguardian.com/sport/2026/feb/12/ukraine-vladyslav-heraskevych-disqualified-winter-olympics-skeleton-helmet-protest-war-deaths,https://www.reddit.com/r/sports/comments/1r3hnyu/its_emptiness_banned_ukrainian_athlete_accuses/,,:olympics: Olympics,False,theguardian.com
1r12k60,Doggo just wanted a chance to compete in the Winter Olympics,NowhereAllAtOnce,MadeMeSmile,3705,0.97,155,1770734542.0,2026-02-10 14:42:22,https://v.redd.it/ezcfz4ivioig1,https://www.reddit.com/r/MadeMeSmile/comments/1r12k60/doggo_just_wanted_a_chance_to_compete_in_the/,,,False,v.redd.it
1r9enf8,Team Poland’s pierogi becomes an unofficial mascot at the Winter Olympics,bbyxmadi,popculturechat,9199,1.0,92,1771542697.0,2026-02-19 23:11:37,https://www.reddit.com/gallery/1r9enf8,https://www.reddit.com/r/popculturechat/comments/1r9enf8/team_polands_pierogi_becomes_an_unofficial_mascot/,,Sports Section 🏈⚽️,False,reddit.com
1qrb2es,Italy’s foreign minister defends ICE attendance at Winter Olympics: ‘It’s not the SS’,YesNo_Maybe_,sports,1592,0.89,365,1769792359.0,2026-01-30 16:59:19,https://www.independent.co.uk/news/world/europe/italy-ice-winter-olympics-backlash-ss-b2909240.html?test_group=lighteradlayout,https://www.reddit.com/r/sports/comments/1qrb2es/italys_foreign_minister_defends_ice_attendance_at/,,:olympics: Olympics,False,independent.co.uk
1qyb3fg,The Ukrainian team at the Winter Olympics in Milan,goldstarflag,europe,11589,0.98,86,1770462403.0,2026-02-07 11:06:43,https://i.redd.it/u03v8lyb12ig1.jpeg,https://www.reddit.com/r/europe/comments/1qyb3fg/the_ukrainian_team_at_the_winter_olympics_in_milan/,,Picture,False,i.redd.it
1r2sbuo,Cooper Woods wins GOLD for Australia in our first medal of these Winter Olympics 🥇🇦🇺,Tillysnow1,australia,3811,0.97,133,1770899893.0,2026-02-12 12:38:13,https://v.redd.it/oxl7jn7k62jg1,https://www.reddit.com/r/australia/comments/1r2sbuo/cooper_woods_wins_gold_for_australia_in_our_first/,,Olympics,False,v.redd.it
1r5flj7,ELI5 How do they guarantee so much snow at the Winter Olympics?,Cosmic-burst,explainlikeimfive,1697,0.91,265,1771164743.0,2026-02-15 14:12:23,https://www.reddit.com/r/explainlikeimfive/comments/1r5flj7/eli5_how_do_they_guarantee_so_much_snow_at_the/,https://www.reddit.com/r/explainlikeimfive/comments/1r5flj7/eli5_how_do_they_guarantee_so_much_snow_at_the/,"I’m loving watching the various winter sports but I can’t work out how the snow is such thick coverage for the snowboarding and skiing events. 

I know it has been snowing a fair bit as well. If it’s also raining, won’t that turn the snow into a slurry at some points.

The surrounding mountains are full of snow but it doesn’t look thick enough for what is seen for the events, e.g snowboarding or alpine skiing. 

Are they using artificial snow? Would that impact the athletes? 

ELI5 please. I live somewhere where there is very little snow nowadays and when there is, it very quickly turns into slush. ",Other,True,self.explainlikeimfive
1qskw4x,"Italians protest ICE's presence at the upcoming 2026 Winter Olympics, CNN's Antonia Mortensen reports from Milan, where around 8,000 people showed up to protest.",ControlCAD,goodnews,4740,0.98,119,1769910021.0,2026-02-01 01:40:21,https://v.redd.it/1iha2yw5fsgg1,https://www.reddit.com/r/goodnews/comments/1qskw4x/italians_protest_ices_presence_at_the_upcoming/,,Political positivity 📈,False,v.redd.it
1r1g0cz,[Autosport] Sebastian Vettel using his old Ferrari headshot for his Winter Olympics accreditation.,Maximum-Room-3999,formula1,6290,0.99,94,1770764015.0,2026-02-10 22:53:35,https://i.redd.it/lxw3xs0kyqig1.jpeg,https://www.reddit.com/r/formula1/comments/1r1g0cz/autosport_sebastian_vettel_using_his_old_ferrari/,,:post-photo: Photo,False,i.redd.it
1qxx0sl,TIL may participants tayo para sa alpine skiing ngayong winter olympics 2026,124C1SELF,todayIlearnedPH,3683,0.99,126,1770419257.0,2026-02-06 23:07:37,https://v.redd.it/9dx9lihehyhg1,https://www.reddit.com/r/todayIlearnedPH/comments/1qxx0sl/til_may_participants_tayo_para_sa_alpine_skiing/,,,False,v.redd.it
1qwtu5j,How penis injections became a Winter Olympic talking point,m1n3c7afty,nottheonion,1728,0.95,244,1770317336.0,2026-02-05 18:48:56,https://www.bbc.co.uk/sport/articles/czej70jyg4eo,https://www.reddit.com/r/nottheonion/comments/1qwtu5j/how_penis_injections_became_a_winter_olympic/,,,False,bbc.co.uk
1qy1qcy,Ukraine gets one of the biggest applauses at the Winter Olympics,Harvickfan4Life,ukraine,10281,0.99,75,1770431550.0,2026-02-07 02:32:30,https://i.redd.it/x8tt6rryhzhg1.jpeg,https://www.reddit.com/r/ukraine/comments/1qy1qcy/ukraine_gets_one_of_the_biggest_applauses_at_the/,,Sports,False,i.redd.it
1qyp18t,Italy says railways hit by 'serious sabotage' as Winter Olympics begin,Ki1664,europe,3522,0.99,127,1770497443.0,2026-02-07 20:50:43,https://www.bbc.co.uk/news/articles/czr4rx04xjpo,https://www.reddit.com/r/europe/comments/1qyp18t/italy_says_railways_hit_by_serious_sabotage_as/,,News,False,bbc.co.uk
1r4qrer,Lucas Pinheiro Braathen from Brazil has won Brazil and South America's first gold medal ever at the Winter Olympics (in men's giant slalom),mcfw31,MadeMeSmile,5922,0.99,90,1771090764.0,2026-02-14 17:39:24,https://i.redd.it/t8o2cwvzxhjg1.jpeg,https://www.reddit.com/r/MadeMeSmile/comments/1r4qrer/lucas_pinheiro_braathen_from_brazil_has_won/,,:snoo_hearteyes: Wholesome Moments :snoo_simple_smile:,False,i.redd.it
1qyfcsb,Israeli team booed at 2026 Winter Olympics opening ceremony,Particular_Log_3594,behindthebastards,1952,0.98,205,1770474958.0,2026-02-07 14:35:58,https://v.redd.it/305jfv0133ig1,https://www.reddit.com/r/behindthebastards/comments/1qyfcsb/israeli_team_booed_at_2026_winter_olympics/,,Politics,False,v.redd.it
1r8t2n2,Wolfdog invades Winter Olympics Women's cross country skiing race,Gjore,interestingasfuck,2646,0.97,137,1771486916.0,2026-02-19 07:41:56,https://v.redd.it/yn4126d2oekg1,https://www.reddit.com/r/interestingasfuck/comments/1r8t2n2/wolfdog_invades_winter_olympics_womens_cross/,,,False,v.redd.it
1r869nz,A stray dog stole the spotlight at the Winter Olympics as it ran onto the course during the women's cross-country skiing race,Objective_Pilot_5834,interesting,1781,0.96,192,1771429133.0,2026-02-18 15:38:53,https://v.redd.it/xh7pkraaw9kg1,https://www.reddit.com/r/interesting/comments/1r869nz/a_stray_dog_stole_the_spotlight_at_the_winter/,,Context Provided - Spotlight,False,v.redd.it
1qxo3rg,Winter Olympics Skier &amp; ‘American Horror Story’ Star Gus Kenworthy Urinates “F*** ICE” In Snow,DemiFiendRSA,entertainment,4473,0.98,98,1770399196.0,2026-02-06 17:33:16,https://deadline.com/2026/02/winter-olympics-gus-kenworthy-urinate-fuck-ice-1236711154,https://www.reddit.com/r/entertainment/comments/1qxo3rg/winter_olympics_skier_american_horror_story_star/,,,False,deadline.com
1r5lo9u,🇯🇵 freestyle skier Ikuma crosses finish line backwards at Winter Olympics 🤯,Admirable121,olympics,3685,1.0,105,1771179349.0,2026-02-15 18:15:49,https://v.redd.it/avt35aaj8pjg1,https://www.reddit.com/r/olympics/comments/1r5lo9u/freestyle_skier_ikuma_crosses_finish_line/,,❄ Milano-Cortina 2026 (Video) ❄,False,v.redd.it
1r88u73,Anon talks about the Winter Olympics,DillyDillySzn,4chan,2826,0.98,121,1771434628.0,2026-02-18 17:10:28,https://i.redd.it/f28szjomcakg1.jpeg,https://www.reddit.com/r/4chan/comments/1r88u73/anon_talks_about_the_winter_olympics/,,,False,i.redd.it
1qyw1m3,"U.S. Olympic ice dancer Madison Chock designs many of her costumes, including her rhythm and free dance outfits at the Milan Cortina Winter Olympics. She also designed the free dance costume for her husband/partner, Evan Bates, as well as those for the Spanish &amp; Georgian teams (February 6-7, 2026)",skermahger,whatthefrockk,3426,0.98,106,1770515427.0,2026-02-08 01:50:27,https://www.reddit.com/gallery/1qyw1m3,https://www.reddit.com/r/whatthefrockk/comments/1qyw1m3/us_olympic_ice_dancer_madison_chock_designs_many/,"Chock on the inspiration for her rhythm costume: ""Our music is Lenny Kravitz, and the theme of the rhythm dance this year is the ’90s. I wanted to incorporate the nostalgia of that decade with some animal prints, and some chains inspired by Chanel’s runway shows at the time. And there’s also a bit of Lenny’s style, too. He’s a fashion icon. I studied his stage looks, his streetwear, and pulled together something for Evan that was inspired really by one particular outfit that Lenny himself wore. My look, too, has some Lenny also, especially with mesh–he wore a lot of mesh.”

Chock on the inspiration for the free dance costumes: “We have a *flamenco*\-inspired program, so for the costumes we worked with a specialist who is a choreographer and director of the Spanish National Ballet.” (Source: [Vogue)](https://www.vogue.com/article/madison-chock-and-evan-bates-ice-dancers-interview)",Sports &amp; Athletics 🏀 🏈⚽️🎾🏒,False,reddit.com
1r9lx67,The gold of the Milano Cortina 2026 Winter Olympics gives you wings!,Ok-Channel-8775,WinterOlympics2026,6218,0.98,69,1771562408.0,2026-02-20 04:40:08,https://i.redd.it/vd3qfodkwkkg1.jpeg,https://www.reddit.com/r/WinterOlympics2026/comments/1r9lx67/the_gold_of_the_milano_cortina_2026_winter/,,,False,i.redd.it
1r5rbc4,Australia's first-ever Winter Olympic gold medal.,sco-go,Amazing,2031,0.97,148,1771192585.0,2026-02-15 21:56:25,https://v.redd.it/ost2d7qscqjg1,https://www.reddit.com/r/Amazing/comments/1r5rbc4/australias_firstever_winter_olympic_gold_medal/,,Interesting 🤔,False,v.redd.it
1r5nfjz,"Italy breaks its record: most medals won in Winter Olympics, total 22!",MinaCiclamina,olympics,2765,0.99,108,1771183412.0,2026-02-15 19:23:32,https://i.redd.it/onw5bnumlpjg1.jpeg,https://www.reddit.com/r/olympics/comments/1r5nfjz/italy_breaks_its_record_most_medals_won_in_winter/,,❄ Milano-Cortina 2026 (General Discussion) ❄,False,i.redd.it
1qv9zft,"Team Mongolia will be wearing custom-made kits by Goyol Cashmere for their ceremonial and casual outfits at the Milano–Cortina 2026 Winter Olympic Games. ""This collection aims to reintroduce the ancient Mongolian clothing culture to the contemporary world and share it on a global stage.""",Murky_Chemical891,whatthefrockk,3811,1.0,90,1770166362.0,2026-02-04 00:52:42,https://www.reddit.com/gallery/1qv9zft,https://www.reddit.com/r/whatthefrockk/comments/1qv9zft/team_mongolia_will_be_wearing_custommade_kits_by/,"From the brands instagram: 

Drawing inspiration from the attire of the Great Mongol Empire of the 13th–15th centuries, one of the most powerful periods in our nation’s history, the designs preserve essential traditional elements such as a functional skirt slit that allows freedom of movement, a raised collar that protects against wind and cold, and a fully closed overlapping front symbolizing warmth and unity. Finest Mongolian cashmere is elegantly finished with silk trimming, embroidered with traditional horn motifs, infusing the garments with a refined ceremonial character.  
  
Using Mongolian cashmere—long relied upon by our nomadic people to endure harsh winters—we have created ceremonial deels that honor traditional history and culture, alongside premium cashmere knit casual ensembles inspired by alpine ski sweaters rooted in Western mountain culture, enriched with motifs of the Mongolian ger and nomadic life.  
  
Through these designs, we proudly present to the global sporting stage the resilience, wisdom, and warrior spirit forged over thousands of years by Mongolians who have endured the eternal winters of the Central Asian highlands.",Sports &amp; Athletics 🏀 🏈⚽️🎾🏒,False,reddit.com
1r77yjl,Klopp ringing the bell for the last lap in the Winter Olympics Men's 4x7.5km Relay Biathlon🤩,KassupojuFIN,LiverpoolFC,3793,0.99,82,1771339696.0,2026-02-17 14:48:16,https://i.redd.it/0evjvbjci2kg1.jpeg,https://www.reddit.com/r/LiverpoolFC/comments/1r77yjl/klopp_ringing_the_bell_for_the_last_lap_in_the/,My guy is just completing side quests at this point😂,Klopp♥️,False,i.redd.it
1qeni7f,Winter Olympics Jumpscare,MelonTheSprigatito,tumblr,4825,1.0,83,1768587018.0,2026-01-16 18:10:18,https://i.redd.it/tqtiz6h25rdg1.jpeg,https://www.reddit.com/r/tumblr/comments/1qeni7f/winter_olympics_jumpscare/,,I gotta play Mario and Sonic At The Olympic Winter Games DS rn,False,i.redd.it
1ra98pf,"After delivering an exuberant performance at the 2026 Winter Olympics, Alysa Liu skated off the ice shouting, ""that's what I'm fucking talking about!"" on live TV — minutes later, she was crowned champion. It's the first time in 24 years a U.S. athlete has triumphed in this event.",PTechNM,MadeMeSmile,2229,0.94,120,1771625538.0,2026-02-20 22:12:18,https://v.redd.it/35l9m7m9vpkg1,https://www.reddit.com/r/MadeMeSmile/comments/1ra98pf/after_delivering_an_exuberant_performance_at_the/,,,False,v.redd.it
1q30jb4,Expel USA from the Winter Olympic Games,UpthefuckingTics,BoycottUnitedStates,2488,0.96,139,1767461473.0,2026-01-03 17:31:13,https://www.reddit.com/r/BoycottUnitedStates/comments/1q30jb4/expel_usa_from_the_winter_olympic_games/,https://www.reddit.com/r/BoycottUnitedStates/comments/1q30jb4/expel_usa_from_the_winter_olympic_games/,"The illegal military operation in Venezuela calls for a swift response from the civilized world. Russia was banned for invading Ukraine, therefore USA should be banned for invading Venezuela. Let’s get it done. Now. ",,True,self.BoycottUnitedStates
1qyzxri,Can't be the Winter Olympics without this gem.,Naive_Establishment2,90s,3074,0.99,97,1770526715.0,2026-02-08 04:58:35,https://i.redd.it/6lvofnsxc7ig1.jpeg,https://www.reddit.com/r/90s/comments/1qyzxri/cant_be_the_winter_olympics_without_this_gem/,,:photo: Photo,False,i.redd.it
1qy4mk2,The entire stadium just erupted in whistles and boos for Israel at the winter Olympics.,helltrooper61,sportsgossips,749,0.8,449,1770439879.0,2026-02-07 04:51:19,https://v.redd.it/a78yu96q60ig1,https://www.reddit.com/r/sportsgossips/comments/1qy4mk2/the_entire_stadium_just_erupted_in_whistles_and/,,Highlight,False,v.redd.it
1qwi3fo,Jack Innanen calls out Tate McRae for promoting Team USA at the Winter Olympics,IfatallyflawedI,popculturechat,1264,0.91,223,1770288438.0,2026-02-05 10:47:18,https://v.redd.it/lny9f2leonhg1,https://www.reddit.com/r/popculturechat/comments/1qwi3fo/jack_innanen_calls_out_tate_mcrae_for_promoting/,"As someone who is not living in the North American continent, it’s still so embarrassing that she decided to put out promotional material for a country that’s been threatening to annex your country as a “51st state” ",Guest List Only ⭐️,False,v.redd.it
1r4nrty,Brazilian athlete wins South America's first gold medal (and first medal ever) at the Winter Olympics,peregrinodossonhos,news,2568,0.97,104,1771083699.0,2026-02-14 15:41:39,https://www.nbcnews.com/sports/olympics/2026-winter-olympics-two-athletes-deliver-south-americas-first-medals-rcna258896,https://www.reddit.com/r/news/comments/1r4nrty/brazilian_athlete_wins_south_americas_first_gold/,,,False,nbcnews.com
1r37t8r,"US lawyer who competes in Winter Olympics goes off on ICE actions in Minnesota: ""What's happening in Minnesota is wrong. There's no shades of grey. It's clear.""",NoMortgage4247,stpaul,767,0.77,389,1770935855.0,2026-02-12 22:37:35,https://i.redd.it/bsk5vkdh55jg1.jpeg,https://www.reddit.com/r/stpaul/comments/1r37t8r/us_lawyer_who_competes_in_winter_olympics_goes/,,Minnesota Related,False,i.redd.it
1qxwwcd,"Team USA freestyle skier Hunter Hess, during the Winter Olympics, speaks on ICE agents’ actions: “Just because I wear the flag doesn’t mean I represent everything that’s going on in the U.S.”",CorleoneBaloney,popculturechat,3523,0.99,85,1770418958.0,2026-02-06 23:02:38,https://v.redd.it/u3ptqkiigyhg1,https://www.reddit.com/r/popculturechat/comments/1qxwwcd/team_usa_freestyle_skier_hunter_hess_during_the/,,Guest List Only TW ⚠️,False,v.redd.it
1qxycgl,Vice President JD Vance left red-faced as he's BOOED at Winter Olympics opening ceremony,IrishStarUS,AntiTrumpAlliance,2424,0.99,109,1770422539.0,2026-02-07 00:02:19,https://www.irishstar.com/news/us-news/vice-president-jd-vance-left-36684689,https://www.reddit.com/r/AntiTrumpAlliance/comments/1qxycgl/vice_president_jd_vance_left_redfaced_as_hes/,,,False,irishstar.com
1qxjlyl,Winter Olympics Team GB skier targets ICE with graphic message written in snow,ElonDoneABellamy,unitedkingdom,824,0.88,349,1770389377.0,2026-02-06 14:49:37,https://www.theguardian.com/sport/2026/feb/06/team-gb-winter-olympic-skier-gus-kenworthy-targets-ice-graphic-message-in-snow,https://www.reddit.com/r/unitedkingdom/comments/1qxjlyl/winter_olympics_team_gb_skier_targets_ice_with/,,,False,theguardian.com
1r6r1dg,"RTS, the public TV of french-speaking Switzerland, narrates the bobsled run at Winter Olympics 2026",zzztz,Palestine,3294,0.99,79,1771288008.0,2026-02-17 00:26:48,https://v.redd.it/m6r4gv718yjg1,https://www.reddit.com/r/Palestine/comments/1r6r1dg/rts_the_public_tv_of_frenchspeaking_switzerland/,,Solidarity &amp; Activism,False,v.redd.it
1r5cggb,How are you guys so good in Winter Olympics,AgitatedResearch,AskAnAustralian,555,0.93,550,1771155190.0,2026-02-15 11:33:10,https://www.reddit.com/r/AskAnAustralian/comments/1r5cggb/how_are_you_guys_so_good_in_winter_olympics/,https://www.reddit.com/r/AskAnAustralian/comments/1r5cggb/how_are_you_guys_so_good_in_winter_olympics/,"As someone outside of Australia, I am very impressed by the good results you get in the Olympics.

How do you explain these good results. I was taken aback as I expected there is little snow even in the mountains, but maybe I am wrong. ",,True,self.AskAnAustralian
1qob7wd,"Breaking via Associated Press: ICE Agents Will Be Deployed in Milan, Italy for the Winter Olympics Security Detail.  There should be a ban of ICE Agents in the Schengen Area",RidetheSchlange,BoycottUnitedStates,1076,0.98,237,1769512982.0,2026-01-27 11:23:02,https://i.redd.it/w1drnbk5mvfg1.png,https://www.reddit.com/r/BoycottUnitedStates/comments/1qob7wd/breaking_via_associated_press_ice_agents_will_be/,"This is absolutely unacceptable and must be addressed with rhe politicians of your country ASAP.

  
[https://apnews.com/article/ice-milan-cortina-olympics-immigration-enforcement-us-110fa4b2066e1fb920dba2a71c3a89e0](https://apnews.com/article/ice-milan-cortina-olympics-immigration-enforcement-us-110fa4b2066e1fb920dba2a71c3a89e0)

Note: this is now being confirmed by AFP, DPA, and news agencies worldwide",,False,i.redd.it
1qzn6bf,Protest Erupt in Italy against the Winter Olympics,Greylunes1,ExploreFortMyers,2490,0.99,97,1770590279.0,2026-02-08 22:37:59,https://v.redd.it/gqga1pfxlcig1,https://www.reddit.com/r/ExploreFortMyers/comments/1qzn6bf/protest_erupt_in_italy_against_the_winter_olympics/,,World events  🌎,False,v.redd.it
1r8ciri,"Good boi husky races with the cross-country skiers at Winter Olympics, loses but steals the show",shhhhh_h,popculturechat,2034,0.98,107,1771442521.0,2026-02-18 19:22:01,https://v.redd.it/bdurec6zzakg1,https://www.reddit.com/r/popculturechat/comments/1r8ciri/good_boi_husky_races_with_the_crosscountry_skiers/,,Sports Section 🏈⚽️,False,v.redd.it
1r7vqub,"Countries that have won gold medals in Summer Olympics, Winter Olympics or both",OppositeRock4217,MapPorn,1541,0.97,135,1771396810.0,2026-02-18 06:40:10,https://i.redd.it/pzr874n387kg1.png,https://www.reddit.com/r/MapPorn/comments/1r7vqub/countries_that_have_won_gold_medals_in_summer/,,,False,i.redd.it
1qypzjj,"Kevin Aymoz (🇫🇷) skating to Gaga’s ""Judas"" tonight at the 2026 Winter Olympics ⛸️🔥",Other-Asparagus01,LadyGaga,2950,0.99,80,1770499698.0,2026-02-07 21:28:18,https://v.redd.it/a9ic89rl45ig1,https://www.reddit.com/r/LadyGaga/comments/1qypzjj/kevin_aymoz_skating_to_gagas_judas_tonight_at_the/,,Social Media,False,v.redd.it
1r89egp,Volunteers have invented a new Winter Olympic sport,Shroft,olympics,3201,0.99,68,1771435819.0,2026-02-18 17:30:19,https://v.redd.it/lcpl7ct5gakg1,https://www.reddit.com/r/olympics/comments/1r89egp/volunteers_have_invented_a_new_winter_olympic/,,❄ Milano-Cortina 2026 (Video) ❄,False,v.redd.it
1qy4fsb,Malaysia’s official attire for the Winter Olympics,UsernameGenerik,malaysia,1250,0.98,162,1770439310.0,2026-02-07 04:41:50,https://www.reddit.com/gallery/1qy4fsb,https://www.reddit.com/r/malaysia/comments/1qy4fsb/malaysias_official_attire_for_the_winter_olympics/,,Sports,False,reddit.com
1qyepnz,Israeli team booed at 2026 Winter Olympics opening ceremony,Particular_Log_3594,Global_News_Hub,2201,0.98,93,1770473316.0,2026-02-07 14:08:36,https://v.redd.it/h3fdp675y2ig1,https://www.reddit.com/r/Global_News_Hub/comments/1qyepnz/israeli_team_booed_at_2026_winter_olympics/,,:region_white_isrpal: Israel/Palestine,False,v.redd.it
1qxn9us,Haiti’s Winter Olympics Uniforms,Jetamors,blackladies,3034,1.0,71,1770397409.0,2026-02-06 17:03:29,https://www.reddit.com/gallery/1qxn9us,https://www.reddit.com/r/blackladies/comments/1qxn9us/haitis_winter_olympics_uniforms/,"Pics taken from [the designer's Instagram](https://www.instagram.com/p/DUWDXwMiGmm/) (Stella Jean).

&gt; From the highest peaks of the Caribbean to the heart of the Dolomites.  

&gt; Haiti makes its debut at [@milanocortina2026](https://www.instagram.com/milanocortina2026/) 2026 with Richi Viano and Stevenson Savart.Two athletes.One nation that refuses to disappear.

&gt; These uniforms are not an exercise in style.They are an act of responsibility.Every detail is intentional.Every centimeter of fabric carries the duty to tell a story — and the will to endure.

&gt; Made in Italy.Crafted by former ski champion Pietro Vitalini.The only hand-painted uniforms at the Games,inspired by the visionary art of Edouard Duval-Carrié.

&gt; What you see is not decoration.It is visibility as a form of survival.

For a bit more context, there's a nice article from [here](https://haitiantimes.com/2026/02/03/haiti-winter-olympics-milan-cortina-uniforms/) about the designer and team, and [here](https://www.essence.com/news/haiti-winter-olympics-uniforms/) focusing more on the designer. Originally the design was going to include Toussaint Louverture, but apparently that was ""too political"" for the IOC 🙄",Media &amp; Entertainment 🍿🎶,False,reddit.com
1qytgdk,"Lindsey Vonn, an American skier, tore her ACL a week before the winter Olympics but is still competing",Cautious_Ad_3918,BeAmazed,916,0.83,221,1770508417.0,2026-02-07 23:53:37,https://i.redd.it/dk92a4wiu5ig1.jpeg,https://www.reddit.com/r/BeAmazed/comments/1qytgdk/lindsey_vonn_an_american_skier_tore_her_acl_a/,,Sports,False,i.redd.it
1r5slqe,Putin pretends to sleep during Ukraines 2022 Winter Olympics opening. The russian invasion will start just a few days after.,GreenEyeOfADemon,ukraine,3007,0.99,67,1771195773.0,2026-02-15 22:49:33,https://v.redd.it/3hd6e1qdmqjg1,https://www.reddit.com/r/ukraine/comments/1r5slqe/putin_pretends_to_sleep_during_ukraines_2022/,,WAR,False,v.redd.it
1r0qfvz,"Dhurandhar fever reaches 2026 Winter Olympics in Italy. Russian figure skater Anastasiia Gubanova performed a routine sporting a red bindi, blending Indian culture and music with the sport ❤️",Main_Pay_9669,Dhurandhar,3166,0.93,65,1770695795.0,2026-02-10 03:56:35,https://v.redd.it/j31fzoyoblig1,https://www.reddit.com/r/Dhurandhar/comments/1r0qfvz/dhurandhar_fever_reaches_2026_winter_olympics_in/,,,False,v.redd.it
1qlte3e,[@milanocortina26] Kimi Antonelli running the 2026 Winter Olympics torch relay today,Travelhog416,formula1,7533,0.99,41,1769276499.0,2026-01-24 17:41:39,https://i.imgur.com/9X7fvs1.jpeg,https://www.reddit.com/r/formula1/comments/1qlte3e/milanocortina26_kimi_antonelli_running_the_2026/,,:post-social-media: Social Media,False,i.imgur.com
1qyavnv,Best friends genocidal Israel and the fascist United States are booed by the entire stadium at the opening of the Winter Olympics.,GerryAdamsSon,suppressed_news,2334,0.99,83,1770461627.0,2026-02-07 10:53:47,https://v.redd.it/447muxkbz1ig1,https://www.reddit.com/r/suppressed_news/comments/1qyavnv/best_friends_genocidal_israel_and_the_fascist/,,United States Empire 🇺🇸,False,v.redd.it
1qmnsd2,Hudson Williams and Connor Storrie at today’s Winter Olympic torch relay,lawrencedun2002,Fauxmoi,2225,0.94,90,1769358671.0,2026-01-25 16:31:11,https://v.redd.it/3if007xpvifg1,https://www.reddit.com/r/Fauxmoi/comments/1qmnsd2/hudson_williams_and_connor_storrie_at_todays/,,SPORTS SECTION,False,v.redd.it
1r4hjel,Sweden accused Canada of cheating in the Curling at the Winter Olympics...here's the all important moment.,JOE_Media,MilanOlympics,694,0.9,265,1771065613.0,2026-02-14 10:40:13,https://i.redd.it/11j2keqjufjg1.jpeg,https://www.reddit.com/r/MilanOlympics/comments/1r4hjel/sweden_accused_canada_of_cheating_in_the_curling/,"Curling tends to be one of the slower-paced sports at the winter games, however, tensions hit fever pitch last night when Sweden accused Canada of cheating.

The Swedish men were unhappy with their Canadian counterparts, claiming they were 'double-touching' stones.

The Swedes raised the issue multiple times with officials to the annoyance of Canadian Marc Kennedy who then accused the Swedish of doing the same and shouted: “I haven’t done it once. You can f\*\*k off!

“I can show you the video after the game.”

Well, here it is...you can draw your own conclusions.

There is no evidence of Sweden doing the same.

  
",,False,i.redd.it
1r4smr4,Canada’s curling war of words with Sweden escalates after warning over ‘F-bomb’ | Winter Olympics 2026,YesNo_Maybe_,sports,848,0.93,206,1771095150.0,2026-02-14 18:52:30,https://www.theguardian.com/sport/2026/feb/14/winter-olympics-canada-warned-after-curling-f-bomb-sparks-emergency-spot-checks,https://www.reddit.com/r/sports/comments/1r4smr4/canadas_curling_war_of_words_with_sweden/,,:olympics: Olympics,False,theguardian.com
1ra8zc9,"""That's what I'm fucking talking about!"" — racoon girl Alysa Liu after delivering an exuberant performance that won her a gold medal at the 2026 Winter Olympics.",Huzaifa_Haroon,popculturechat,2553,0.96,66,1771624937.0,2026-02-20 22:02:17,https://v.redd.it/0588mfbi2qkg1,https://www.reddit.com/r/popculturechat/comments/1ra8zc9/thats_what_im_fucking_talking_about_racoon_girl/,,Sports Section 🏈⚽️,False,v.redd.it
1r9n1rf,My BF ruined the Winter Olympics,autumniam,TwoHotTakes,1263,0.92,121,1771565952.0,2026-02-20 05:39:12,https://www.reddit.com/r/TwoHotTakes/comments/1r9n1rf/my_bf_ruined_the_winter_olympics/,https://www.reddit.com/r/TwoHotTakes/comments/1r9n1rf/my_bf_ruined_the_winter_olympics/,"I love watching the Winter Olympics-specifically figure skating. I’m forty years which means there have been ten of them since I’ve been alive! My mom and I always set aside time to snuggle up and watch figure skating together when I was a kid. Even after I moved out we would still text about it! 

This current Winter Olympics I have been more invested than usual. Subscribing to YouTube figure skating channels well before the Olympics were beginning. I was very excited for this years program! I’m a Musial theatre nerd and love all the pageantry and story telling. 

Some background: my ex husband and I got in a fight during Winter Olympics because I asked him to watch figure skating with me; he essentially told me it was dumb and he would not be watching it with me since it wasn’t his thing. Fun fact we had room mates at the time who were super into hockey and he didn’t hesitate to watch with them despite no prior interest in hockey or any sport at all. 

Forward to today: I’ve been with my partner for almost five years now. We live together. I’ve been waking up early everyday for almost two weeks to watch the figure skating events live. I couldn’t do that today because I had a virtual job interview. So I made sure to plan on watching the replay later this evening. 

As I was watching this replay he walked in and told me who won the gold medal. He shrugged it off since of course he knew since he was always betting money on sports. (I asked him a few days ago if people bet on the Olympics and he said yeah but not me I don’t have any money!) He is a big NFL fan and does fantasy football-so it’s not like he’s ignorant to the process. 

So; the Olympic figure skaters was down to the last three of the event. I was on the edge of my seat. I had an idea of who I wanted to win. And he casually walks in and says oh yeah; she won! I told him to leave the room and that spoilers are a deal breaker for me. He hasn’t come out of his room since. 

I guess I can try again in four years. . . ",Listener Write In,True,self.TwoHotTakes
1qoll1r,Italian centre-left politicians protested in the Lombardy regional council over reports that United States ICE agents could be involved in security for the upcoming Milan-Cortina Winter Olympics.,JeanJauresJr,PublicFreakout,2911,0.99,64,1769537428.0,2026-01-27 18:10:28,https://v.redd.it/z82ny9b9nxfg1,https://www.reddit.com/r/PublicFreakout/comments/1qoll1r/italian_centreleft_politicians_protested_in_the/,,🖕 🧊 Freakout,False,v.redd.it
1r14hgn,I just wanted a chance to compete in the Winter Olympics.,Excellent_1918,HumansInMyHouse,4279,1.0,44,1770738853.0,2026-02-10 15:54:13,https://v.redd.it/vac41rs27oig1,https://www.reddit.com/r/HumansInMyHouse/comments/1r14hgn/i_just_wanted_a_chance_to_compete_in_the_winter/,,,False,v.redd.it
1qxyyfi,"Mariah Carey's prompter for her Italian rendition of ""Volare"" at the Winter Olympics Opening Ceremony",mcfw31,popculturechat,789,0.97,210,1770424082.0,2026-02-07 00:28:02,https://v.redd.it/vwv5q3bjvyhg1,https://www.reddit.com/r/popculturechat/comments/1qxyyfi/mariah_careys_prompter_for_her_italian_rendition/,,Mariah 🦋,False,v.redd.it
1r2pdhl,Ukraine's Heraskevych disqualified from Winter Olympics over 'helmet of remembrance',HydrolicKrane,sports,1381,0.94,113,1770889912.0,2026-02-12 09:51:52,https://www.reuters.com/sports/skeleton-ukraines-heraskevych-disqualified-over-helmet-controversy-2026-02-12/,https://www.reddit.com/r/sports/comments/1r2pdhl/ukraines_heraskevych_disqualified_from_winter/,,:skeleton: Skeleton,False,reuters.com
1r1cyk4,Got a link to a short meeting with HR to discuss an “inappropriate comment” I made about the Winter Olympics,SWEMW,antiwork,897,0.82,176,1770757062.0,2026-02-10 20:57:42,https://www.reddit.com/r/antiwork/comments/1r1cyk4/got_a_link_to_a_short_meeting_with_hr_to_discuss/,https://www.reddit.com/r/antiwork/comments/1r1cyk4/got_a_link_to_a_short_meeting_with_hr_to_discuss/,"All I said was that I was upset about not seeing Russia compete in the Winter Olympics because they’re good at winter sports. (I’m Russian)

EDIT: had the meeting at the end of the day. The meeting was like 8 minutes long and even the HR person was so confused. They just told me to “be careful and mindful when talking about things”. The person who reported me was just an airhead. Complete waste of time and unnecessary.",,True,self.antiwork
1qweoue,Winter Olympics begin quietly with curling,Movie-Kino,sports,1264,0.97,127,1770275812.0,2026-02-05 07:16:52,https://www.dw.com/en/winter-olympics-begin-quietly-with-curling/a-75811934,https://www.reddit.com/r/sports/comments/1qweoue/winter_olympics_begin_quietly_with_curling/,,:winter: Winter Sports,False,dw.com
1r4ma5u,First Ever Winter Olympics Gold Medal in Latin America,ChesterCopperPot72,ItHadToBeBrazil,2474,0.98,64,1771080042.0,2026-02-14 14:40:42,https://i.redd.it/z76ql1g42hjg1.png,https://www.reddit.com/r/ItHadToBeBrazil/comments/1r4ma5u/first_ever_winter_olympics_gold_medal_in_latin/,,,False,i.redd.it
1qpnvee,MEPs urge EU to block ICE from entering Europe for Winter Olympics,MiSbyPiS,europe,1733,0.98,96,1769634082.0,2026-01-28 21:01:22,https://www.euronews.com/my-europe/2026/01/28/meps-urge-eu-to-block-ice-from-entering-europe-for-winter-olympics,https://www.reddit.com/r/europe/comments/1qpnvee/meps_urge_eu_to_block_ice_from_entering_europe/,,News,False,euronews.com
1r4ktw8,"Lucas Pinheiro Braathen wins Brazil's first ever Winter Olympic medal and it's GOLD!

An incredible performance by the Brazilian skier who creates history in the Milan-Cortina games.

It's also the first ever gold medal at the Winter Olympics for a South American nation.",JOE_Media,Brazil,1779,0.99,85,1771076268.0,2026-02-14 13:37:48,https://i.redd.it/q16fqjzyqgjg1.png,https://www.reddit.com/r/Brazil/comments/1r4ktw8/lucas_pinheiro_braathen_wins_brazils_first_ever/,,News,False,i.redd.it
1qy9bux,USA Winter Olympics sweater,Flaggermusmann,olympics,572,0.9,290,1770455887.0,2026-02-07 09:18:07,https://i.redd.it/qac7gexbi1ig1.jpeg,https://www.reddit.com/r/olympics/comments/1qy9bux/usa_winter_olympics_sweater/,,❄ Milano-Cortina 2026 (General Discussion) ❄,False,i.redd.it
1r1t9l8,The winter Olympics have got me thinking about the lack of opportunity in Australian public schools,Sriracha_Sauce089,australian,360,0.75,498,1770803644.0,2026-02-11 09:54:04,https://www.reddit.com/r/australian/comments/1r1t9l8/the_winter_olympics_have_got_me_thinking_about/,https://www.reddit.com/r/australian/comments/1r1t9l8/the_winter_olympics_have_got_me_thinking_about/,"I'm watching the winter Olympics and thinking who are these Aussie Olympians that became so talented that they can compete on the world stage for sports that are not common in Australia.

Growing up in a fairly low socioeconomic area and attending a public high school, I was never afforded the opportunity to try a winter snow sport and if you weren't going with school, you'd have to go with family but most of the kids I grew up with didn't get that opportunity either because their families couldn't afford to go to the snow as it would cost so much. Presumably then, these Olympians would come from fairly wealthy backgrounds? To think how much talent Australia has missed out on if they only gave the low socioeconomic class a chance to try a snow sport. Talent is of course important but it seems like in the case for Australia and snow sports, so is coming from wealthy backgrounds.

Let's take tennis for example, a traditionally rich people sport. If a poor kid wants to give it a go, they could do it with their school or go to their local tennis courts and see if they like it. Should they like it and are good at it, the chances of them getting far is still slim but possible and more importantly they got the opportunity to try it out. A rich kid on the other hand, gets the opportunity to try it and should they be talented enough, has a good chance to get to elite level. Now with snow sports, a poor kid wouldn't even get a chance to try it, nevermind figuring out if they are talented. A rich kid, does have the opportunity to try it out due to their wealth.

I'm not hating on the Olympians btw, this issue is not their fault at all and they are obviously still talented and got to where they are with hard work and I hope they do well. It's the unequal education system that is a problem.

What are other people's experiences in terms of if their school offered snow sports?

TL;DR is it fair to say that any Aussie Olympians are from fairly wealthy backgrounds and those from low socioeconomic backgrounds are not given the opportunity to try these snow sports?

EDIT: wow an awesome response turnout. Can't get to all your comments but appreciate those among you that were able to have a mature discussion whether you agree or disagree. Now let's get behind our Aussies at the winter Olympics!

P.S. for those saying there are bigger problems, yes I am aware and have discussions about bigger problems at other times. It doesn't mean that we are forbidden from talking about anything else because there's bigger problems so I thought given the winter Olympics are on right now, it would be an interesting topic for discussion.",Community,True,self.australian
1q6kkom,"Winter Olympics hockey venues might not be fully finished for competition, official admits",Old_General_6741,hockey,784,0.97,230,1767804625.0,2026-01-07 16:50:25,https://www.cnn.com/2026/01/07/sport/olympics-2026-hockey-arena-delays,https://www.reddit.com/r/hockey/comments/1q6kkom/winter_olympics_hockey_venues_might_not_be_fully/,,,False,cnn.com
1qonz5v,"US to send ICE to Italy for Winter Olympics... is this the beginning of the end, or has it already started?",Legitimate-Loan-2540,complaints,707,0.98,228,1769542374.0,2026-01-27 19:32:54,https://i.redd.it/9yktd0yr1yfg1.png,https://www.reddit.com/r/complaints/comments/1qonz5v/us_to_send_ice_to_italy_for_winter_olympics_is/,[https://www.bbc.co.uk/news/articles/c5y29xzjdzvo](https://www.bbc.co.uk/news/articles/c5y29xzjdzvo),Politics,False,i.redd.it
1qy5qv6,Team Ukraine receives an ovation as they’re introduced at the Winter Olympics opening ceremony 🇺🇦,snfssmc,ukraine,4399,1.0,38,1770443343.0,2026-02-07 05:49:03,https://v.redd.it/ua1qqh61h0ig1,https://www.reddit.com/r/ukraine/comments/1qy5qv6/team_ukraine_receives_an_ovation_as_theyre/,,Sports,False,v.redd.it
1r4ibfj,Australia has won 3 golds at a Winter Olympics for the first time,Jackomillard15,olympics,1269,0.99,108,1771068430.0,2026-02-14 11:27:10,https://i.redd.it/bsos2ybq3gjg1.jpeg,https://www.reddit.com/r/olympics/comments/1r4ibfj/australia_has_won_3_golds_at_a_winter_olympics/,,❄ Milano-Cortina 2026 (News) ❄,False,i.redd.it
1r4oxyn,Brazil has more gold than Canada at the Winter Olympics,GapYearGuy2018,TeamCanada,512,0.79,280,1771086531.0,2026-02-14 16:28:51,https://i.redd.it/7leots5klhjg1.jpeg,https://www.reddit.com/r/TeamCanada/comments/1r4oxyn/brazil_has_more_gold_than_canada_at_the_winter/,,,False,i.redd.it
